{"RuleTriggered": 0, "Violations": 0, "Details": {"pin_memory": false, "num_workers": 0, "cores": 2, "dataloaders": 1, "dataloading_time": {"p25": 0.16123425, "p50": 0.19433250000000002, "p95": 0.32659024999999986, "probs": [1, 0, 0, 0, 0, 1, 1, 0, 0, 0, 0, 0, 0, 0, 0, 0, 0, 0, 1, 0, 1, 0, 0, 0, 1, 0, 0, 0, 1, 0, 0, 0, 0, 0, 0, 0, 0, 1, 0, 0, 0, 0, 0, 0, 1, 0, 0, 0, 0, 0, 0, 0, 0, 0, 0, 0, 0, 0, 0, 0, 0, 0, 0, 0, 0, 0, 0, 0, 0, 0, 0, 0, 0, 0, 0, 0, 0, 0, 0, 0, 0, 0, 0, 0, 0, 0, 0, 0, 0, 0, 0, 0, 0, 0, 0, 0, 0, 0, 0, 1], "binedges": [0.137842, 0.14035523, 0.14286846, 0.14538168999999998, 0.14789491999999999, 0.15040815, 0.15292138, 0.15543461, 0.15794783999999998, 0.16046106999999998, 0.1629743, 0.16548753, 0.16800075999999997, 0.17051398999999998, 0.17302721999999998, 0.17554045, 0.17805368, 0.18056690999999997, 0.18308013999999997, 0.18559336999999998, 0.18810659999999998, 0.19061983, 0.19313305999999997, 0.19564628999999997, 0.19815951999999998, 0.20067274999999998, 0.20318598, 0.20569920999999997, 0.20821244, 0.21072566999999998, 0.21323889999999998, 0.21575213, 0.21826535999999996, 0.22077859, 0.22329181999999997, 0.22580504999999998, 0.22831827999999998, 0.23083150999999996, 0.23334474, 0.23585796999999997, 0.23837119999999998, 0.24088442999999998, 0.24339765999999996, 0.24591089, 0.24842411999999997, 0.25093734999999995, 0.25345058, 0.25596380999999996, 0.25847703999999994, 0.26099026999999997, 0.2635035, 0.26601673, 0.26852995999999996, 0.27104319, 0.27355641999999997, 0.27606964999999994, 0.27858288, 0.28109610999999995, 0.28360933999999993, 0.28612256999999996, 0.2886358, 0.29114903, 0.29366225999999995, 0.29617549, 0.29868871999999996, 0.30120194999999994, 0.30371518, 0.30622840999999995, 0.30874163999999993, 0.31125486999999996, 0.3137681, 0.31628132999999997, 0.31879455999999995, 0.32130779, 0.32382101999999996, 0.32633424999999994, 0.32884747999999997, 0.33136070999999995, 0.3338739399999999, 0.33638716999999996, 0.3389004, 0.34141362999999997, 0.34392685999999995, 0.34644009, 0.34895331999999996, 0.35146654999999993, 0.35397977999999997, 0.35649300999999994, 0.3590062399999999, 0.36151946999999995, 0.3640327, 0.36654592999999996, 0.36905915999999994, 0.37157239, 0.37408561999999995, 0.37659884999999993, 0.37911207999999996, 0.38162530999999994, 0.3841385399999999, 0.38665176999999995, 0.389165]}}, "Datapoints": 10, "RuleParameters": "min_threshold:70\nmax_threshold:200"}