{"RuleTriggered": 0, "Violations": 0, "Details": {"step_num": {"first": 1677692061159215, "last": 1677705831433586}, "job_start": 1677691949.001129, "job_end": 1677705839.500728}, "Datapoints": 2046, "RuleParameters": "threshold:20"}