{"RuleTriggered": 0, "Violations": 0, "Details": {"ratio": {"cpu_functions": 100.0}, "phase": {"Step:ModeKeys.TRAIN": 68.50992236004706, "others": 26.943666223191105, "Step:ModeKeys.EVAL": 4.546411416761833}, "phase_time": {}, "CPU": {"conv2d": 8.692238857178355, "convolution": 8.691272210900049, "_convolution": 8.690295253728108, "mkldnn_convolution": 8.680577236476864, "batch_norm": 5.693808647772268, "_batch_norm_impl_index": 5.692640079826939, "native_batch_norm": 5.690728268298732, "MkldnnConvolutionBackward": 11.821874328852118, "mkldnn_convolution_backward": 11.819137645833088, "mkldnn_convolution_backward_input": 5.900698447046236, "mkldnn_convolution_backward_weights": 5.915277191405371, "NativeBatchNormBackward": 6.357832775607072, "native_batch_norm_backward": 6.353619057074791}, "CPU_total": {"conv2d": 10116181, "convolution": 10115056, "_convolution": 10113919, "mkldnn_convolution": 10102609, "batch_norm": 6626555, "_batch_norm_impl_index": 6625195, "native_batch_norm": 6622970, "MkldnnConvolutionBackward": 13758506, "mkldnn_convolution_backward": 13755321, "mkldnn_convolution_backward_input": 6867337, "mkldnn_convolution_backward_weights": 6884304, "NativeBatchNormBackward": 7399358, "native_batch_norm_backward": 7394454}, "general": {"DataLoaderIterInitialize": 3.1678675812376124e-05, "DataLoaderIter": 0.026049818448124297, "Forward": 99.97391850287606}}, "Datapoints": 0, "RuleParameters": ""}