{"RuleTriggered": 185, "Violations": 4980, "Details": {"step_details": {"algo-1-27": {"step_stats": {"mean": 1.8363843260073263, "max": 3.01015, "p99": 2.708415119999998, "p95": 2.353623, "p50": 1.807954, "min": 0.370565}, "number_of_outliers": 6, "phase": "Step:ModeKeys.EVAL", "stddev": 0.27, "probs": [2, 0, 0, 0, 0, 1, 0, 0, 1, 0, 0, 1, 0, 0, 0, 0, 0, 0, 0, 0, 0, 0, 0, 0, 0, 0, 0, 0, 0, 0, 0, 0, 0, 0, 0, 0, 0, 0, 0, 0, 0, 0, 0, 0, 0, 0, 0, 0, 0, 0, 0, 0, 0, 0, 0, 0, 0, 0, 0, 0, 0, 5, 23, 143, 63, 6, 1, 0, 1, 2, 1, 1, 2, 2, 0, 0, 0, 0, 0, 0, 0, 0, 1, 0, 2, 0, 0, 0, 2, 1, 0, 0, 1, 0, 0, 0, 0, 2, 0, 3], "binedges": [0.370565, 0.39309297, 0.41562094, 0.43814891, 0.46067687999999996, 0.48320485, 0.50573282, 0.52826079, 0.55078876, 0.5733167299999999, 0.5958447, 0.61837267, 0.6409006399999999, 0.66342861, 0.68595658, 0.70848455, 0.7310125199999999, 0.75354049, 0.7760684600000001, 0.79859643, 0.8211244, 0.84365237, 0.86618034, 0.88870831, 0.91123628, 0.9337642500000001, 0.9562922199999999, 0.97882019, 1.00134816, 1.02387613, 1.0464041, 1.06893207, 1.09146004, 1.11398801, 1.13651598, 1.15904395, 1.18157192, 1.20409989, 1.22662786, 1.24915583, 1.2716838000000001, 1.29421177, 1.31673974, 1.3392677100000001, 1.36179568, 1.38432365, 1.40685162, 1.4293795900000001, 1.45190756, 1.47443553, 1.4969635000000001, 1.5194914700000002, 1.54201944, 1.56454741, 1.5870753800000001, 1.6096033500000002, 1.63213132, 1.6546592900000001, 1.6771872600000002, 1.69971523, 1.7222432, 1.7447711700000001, 1.7672991400000002, 1.78982711, 1.8123550800000001, 1.8348830500000002, 1.85741102, 1.87993899, 1.9024669600000002, 1.9249949300000002, 1.9475229, 1.9700508700000001, 1.9925788400000002, 2.01510681, 2.03763478, 2.06016275, 2.08269072, 2.10521869, 2.12774666, 2.15027463, 2.1728026000000003, 2.19533057, 2.21785854, 2.24038651, 2.26291448, 2.28544245, 2.30797042, 2.3304983900000003, 2.35302636, 2.37555433, 2.3980823, 2.42061027, 2.44313824, 2.46566621, 2.4881941800000003, 2.5107221500000003, 2.53325012, 2.55577809, 2.57830606, 2.60083403, 2.623362], "step_numbers": ["0", "1", "2", "34", "93", "213"]}}, "ratio": {}, "phase": {"Step:ModeKeys.EVAL": 100.0}, "phase_time": {}, "general": {"Forward": 100.0}}, "Datapoints": 2046, "RuleParameters": "threshold:3\nmode:None\nn_outliers:10\nstddev:3"}